{
  "books": [
    {
      "id": 1,
      "title": "The Lord of the Rings",
      "author": "J. R. R. Tolkien",
      "description": "Lorem ipsum dolor sit amet, consectetur adipiscing elit, sed do eiusmod tempor incididunt ut labore et dolore magna aliqua.",
      "year": 1954,
      "publisher": "George Allen & Unwin",
      "genre": "Fantasy",
      "booksCount": 20,
      "pageCount": 1216,
      "image": "https://images.unsplash.com/photo-1506748686214-e9df14d4d9d0?ixlib=rb-1.2.1&auto=format&fit=crop&w=1170&q=80",
      "borrowCount": 15,
      "createdAt": "2024-06-14T08:30:00Z"
    },
    {
      "id": 2,
      "title": "1984",
      "author": "George Orwell",
      "description": "A dystopian social science fiction novel and cautionary tale, warning of the dangers of totalitarianism.",
      "year": 1949,
      "publisher": "Secker & Warburg",
      "genre": "Dystopian",
      "booksCount": 8,
      "pageCount": 328,
      "image": "https://images.unsplash.com/photo-1534080564583-6be75777b70a?ixlib=rb-1.2.1&auto=format&fit=crop&w=1170&q=80",
      "borrowCount": 3,
      "createdAt": "2024-06-14T09:00:00Z"
    },
    {
      "id": 3,
      "title": "To Kill a Mockingbird",
      "author": "Harper Lee",
      "description": "A novel about the serious issues of rape and racial inequality, but it is also a novel that is warm and humorous.",
      "year": 1960,
      "publisher": "J. B. Lippincott & Co.",
      "genre": "Southern Gothic",
      "booksCount": 6,
      "pageCount": 281,
      "image": "https://images.unsplash.com/photo-1529655683826-aba9b3e77383?ixlib=rb-1.2.1&auto=format&fit=crop&w=1170&q=80",
      "borrowCount": 4,
      "createdAt": "2024-06-14T09:30:00Z"
    },
    {
      "id": 4,
      "title": "Pride and Prejudice",
      "author": "Jane Austen",
      "description": "A romantic novel of manners that depicts the British Regency era.",
      "year": 1813,
      "publisher": "T. Egerton, Whitehall",
      "genre": "Romantic Fiction",
      "booksCount": 5,
      "pageCount": 432,
      "image": "https://images.unsplash.com/photo-1520333789090-1afc82db536a?ixlib=rb-1.2.1&auto=format&fit=crop&w=1170&q=80",
      "borrowCount": 2,
      "createdAt": "2024-06-14T10:00:00Z"
    },
    {
      "id": 5,
      "title": "The Great Gatsby",
      "author": "F. Scott Fitzgerald",
      "description": "A novel about the American dream and the roaring twenties.",
      "year": 1925,
      "publisher": "Charles Scribner's Sons",
      "genre": "Tragedy",
      "booksCount": 12,
      "pageCount": 180,
      "image": "https://images.unsplash.com/photo-1499714608240-22fc6ad53fb2?ixlib=rb-1.2.1&auto=format&fit=crop&w=1170&q=80",
      "borrowCount": 5,
      "createdAt": "2024-06-14T10:30:00Z"
    },
    {
      "id": 6,
      "title": "Moby Dick",
      "author": "Herman Melville",
      "description": "A novel about the voyage of the whaling ship Pequod.",
      "year": 1851,
      "publisher": "Harper & Brothers",
      "genre": "Adventure Fiction",
      "booksCount": 14,
      "pageCount": 635,
      "image": "https://images.unsplash.com/photo-1503428587375-8075d9e91db0?ixlib=rb-1.2.1&auto=format&fit=crop&w=1170&q=80",
      "borrowCount": 9,
      "createdAt": "2024-06-14T11:00:00Z"
    },
    {
      "id": 7,
      "title": "War and Peace",
      "author": "Leo Tolstoy",
      "description": "A novel that chronicles the history of the French invasion of Russia.",
      "year": 1869,
      "publisher": "The Russian Messenger",
      "genre": "Historical Fiction",
      "booksCount": 20,
      "pageCount": 1225,
      "image": "https://images.unsplash.com/photo-1519241047957-be31d7379a5b?ixlib=rb-1.2.1&auto=format&fit=crop&w=1170&q=80",
      "borrowCount": 14,
      "createdAt": "2024-06-14T11:30:00Z"
    },
    {
      "id": 8,
      "title": "The Catcher in the Rye",
      "author": "J. D. Salinger",
      "description": "A novel about the experiences of a young boy in New York City.",
      "year": 1951,
      "publisher": "Little, Brown and Company",
      "genre": "Literary Realism",
      "booksCount": 7,
      "pageCount": 214,
      "image": "https://images.unsplash.com/photo-1507842217343-583bb7270b66?ixlib=rb-1.2.1&auto=format&fit=crop&w=1170&q=80",
      "borrowCount": 7,
      "createdAt": "2024-06-14T12:00:00Z"
    },
    {
      "id": 9,
      "title": "The Hobbit",
      "author": "J. R. R. Tolkien",
      "description": "A children's fantasy novel about the adventures of Bilbo Baggins.",
      "year": 1937,
      "publisher": "George Allen & Unwin",
      "genre": "Fantasy",
      "booksCount": 10,
      "pageCount": 310,
      "image": "https://images.unsplash.com/photo-1507842217343-583bb7270b66?ixlib=rb-1.2.1&auto=format&fit=crop&w=1170&q=80",
      "borrowCount": 4,
      "createdAt": "2024-06-14T12:30:00Z"
    },
    {
      "id": 10,
      "title": "Crime and Punishment",
      "author": "Fyodor Dostoevsky",
      "description": "A novel about the mental anguish and moral dilemmas of a young man.",
      "year": 1866,
      "publisher": "The Russian Messenger",
      "genre": "Psychological Fiction",
      "booksCount": 8,
      "pageCount": 671,
      "image": "https://images.unsplash.com/photo-1524995997946-a1c2e315a42f?ixlib=rb-1.2.1&auto=format&fit=crop&w=1170&q=80",
      "borrowCount": 6,
      "createdAt": "2024-06-14T13:00:00Z"
    },
    {
      "id": 11,
      "title": "Wuthering Heights",
      "author": "Emily Brontë",
      "description": "A novel about the destructive effects of jealousy and vengeance.",
      "year": 1847,
      "publisher": "Thomas Cautley Newby",
      "genre": "Tragedy",
      "booksCount": 13,
      "pageCount": 416,
      "image": "https://images.unsplash.com/photo-1507842217343-583bb7270b66?ixlib=rb-1.2.1&auto=format&fit=crop&w=1170&q=80",
      "borrowCount": 8,
      "createdAt": "2024-06-14T13:30:00Z"
    },
    {
      "id": 12,
      "title": "The Odyssey",
      "author": "Homer",
      "description": "An ancient Greek epic poem about the journey of Odysseus.",
      "year": -800,
      "publisher": "Ancient Greece",
      "genre": "Epic",
      "booksCount": 17,
      "pageCount": 541,
      "image": "https://images.unsplash.com/photo-1524995997946-a1c2e315a42f?ixlib=rb-1.2.1&auto=format&fit=crop&w=1170&q=80",
      "borrowCount": 11,
      "createdAt": "2024-06-14T14:00:00Z"
    },
    {
      "id": 13,
      "title": "The Divine Comedy",
      "author": "Dante Alighieri",
      "description": "An epic poem about the journey of Dante through Hell, Purgatory, and Paradise.",
      "year": 1320,
      "publisher": "Johann Numeister",
      "genre": "Epic Poetry",
      "booksCount": 9,
      "pageCount": 798,
      "image": "https://images.unsplash.com/photo-1475051991683-8c818a1e8ed1?ixlib=rb-1.2.1&auto=format&fit=crop&w=1170&q=80",
      "borrowCount": 5,
      "createdAt": "2024-06-14T14:30:00Z"
    },
    {
      "id": 14,
      "title": "Anna Karenina",
      "author": "Leo Tolstoy",
      "description": "A novel that deals with themes of betrayal, faith, family, marriage, and imperial Russian society.",
      "year": 1878,
      "publisher": "The Russian Messenger",
      "genre": "Realist Novel",
      "booksCount": 11,
      "pageCount": 864,
      "image": "https://images.unsplash.com/photo-1499714608240-22fc6ad53fb2?ixlib=rb-1.2.1&auto=format&fit=crop&w=1170&q=80",
      "borrowCount": 7,
      "createdAt": "2024-06-14T15:00:00Z"
    },
    {
      "id": 15,
      "title": "Madame Bovary",
      "author": "Gustave Flaubert",
      "description": "A novel that focuses on a doctor's wife, Emma Bovary, and her adulterous affairs.",
      "year": 1857,
      "publisher": "Revue de Paris",
      "genre": "Realist Novel",
      "booksCount": 10,
      "pageCount": 432,
      "image": "https://images.unsplash.com/photo-1529655683826-aba9b3e77383?ixlib=rb-1.2.1&auto=format&fit=crop&w=1170&q=80",
      "borrowCount": 6,
      "createdAt": "2024-06-14T15:30:00Z"
    },
    {
      "id": 16,
      "title": "The Brothers Karamazov",
      "author": "Fyodor Dostoevsky",
      "description": "A novel about the spiritual drama of moral struggles concerning faith, doubt, and reason.",
      "year": 1880,
      "publisher": "The Russian Messenger",
      "genre": "Philosophical Novel",
      "booksCount": 8,
      "pageCount": 824,
      "image": "https://images.unsplash.com/photo-1524995997946-a1c2e315a42f?ixlib=rb-1.2.1&auto=format&fit=crop&w=1170&q=80",
      "borrowCount": 5,
      "createdAt": "2024-06-14T16:00:00Z"
    },
    {
      "id": 17,
      "title": "Jane Eyre",
      "author": "Charlotte Brontë",
      "description": "A novel that follows the emotions and experiences of its title character, including her growth to adulthood and love.",
      "year": 1847,
      "publisher": "Smith, Elder & Co.",
      "genre": "Gothic Fiction",
      "booksCount": 7,
      "pageCount": 500,
      "image": "https://images.unsplash.com/photo-1524995997946-a1c2e315a42f?ixlib=rb-1.2.1&auto=format&fit=crop&w=1170&q=80",
      "borrowCount": 4,
      "createdAt": "2024-06-14T16:30:00Z"
    },
    {
      "id": 18,
      "title": "Brave New World",
      "author": "Aldous Huxley",
      "description": "A dystopian social science fiction novel that discusses the role of technology in society.",
      "year": 1932,
      "publisher": "Chatto & Windus",
      "genre": "Dystopian",
      "booksCount": 9,
      "pageCount": 311,
      "image": "https://images.unsplash.com/photo-1529655683826-aba9b3e77383?ixlib=rb-1.2.1&auto=format&fit=crop&w=1170&q=80",
      "borrowCount": 6,
      "createdAt": "2024-06-14T17:00:00Z"
    },
    {
      "id": 19,
      "title": "One Hundred Years of Solitude",
      "author": "Gabriel García Márquez",
      "description": "A landmark novel that tells the multi-generational story of the Buendía family.",
      "year": 1967,
      "publisher": "Harper & Row",
      "genre": "Magic Realism",
      "booksCount": 12,
      "pageCount": 417,
      "image": "https://images.unsplash.com/photo-1520333789090-1afc82db536a?ixlib=rb-1.2.1&auto=format&fit=crop&w=1170&q=80",
      "borrowCount": 7,
      "createdAt": "2024-06-14T17:30:00Z"
    },
    {
      "id": 20,
      "title": "The Iliad",
      "author": "Homer",
      "description": "An ancient Greek epic poem about the Trojan War and the Greek hero Achilles.",
      "year": -750,
      "publisher": "Ancient Greece",
      "genre": "Epic",
      "booksCount": 13,
      "pageCount": 704,
      "image": "https://images.unsplash.com/photo-1503428587375-8075d9e91db0?ixlib=rb-1.2.1&auto=format&fit=crop&w=1170&q=80",
      "borrowCount": 8,
      "createdAt": "2024-06-14T18:00:00Z"
    },
    {
      "id": 21,
      "title": "Catch-22",
      "author": "Joseph Heller",
      "description": "A satirical novel set during World War II, focusing on the experiences of Captain John Yossarian.",
      "year": 1961,
      "publisher": "Simon & Schuster",
      "genre": "Satire",
      "booksCount": 11,
      "pageCount": 453,
      "image": "https://images.unsplash.com/photo-1499714608240-22fc6ad53fb2?ixlib=rb-1.2.1&auto=format&fit=crop&w=1170&q=80",
      "borrowCount": 6,
      "createdAt": "2024-06-14T18:30:00Z"
    },
    {
      "id": 22,
      "title": "Don Quixote",
      "author": "Miguel de Cervantes",
      "description": "A Spanish novel about the adventures of a nobleman who reads so many chivalric romances that he loses his sanity.",
      "year": 1605,
      "publisher": "Francisco de Robles",
      "genre": "Novel",
      "booksCount": 16,
      "pageCount": 863,
      "image": "https://images.unsplash.com/photo-1529655683826-aba9b3e77383?ixlib=rb-1.2.1&auto=format&fit=crop&w=1170&q=80",
      "borrowCount": 9,
      "createdAt": "2024-06-14T19:00:00Z"
    },
    {
      "id": 23,
      "title": "Ulysses",
      "author": "James Joyce",
      "description": "A modernist novel that parallels the structure of Homer's Odyssey.",
      "year": 1922,
      "publisher": "Sylvia Beach",
      "genre": "Modernist Novel",
      "booksCount": 10,
      "pageCount": 730,
      "image": "https://images.unsplash.com/photo-1529655683826-aba9b3e77383?ixlib=rb-1.2.1&auto=format&fit=crop&w=1170&q=80",
      "borrowCount": 5,
      "createdAt": "2024-06-14T19:30:00Z"
    },
    {
      "id": 24,
      "title": "The Count of Monte Cristo",
      "author": "Alexandre Dumas",
      "description": "A tale of an unjustly imprisoned man who escapes and seeks revenge.",
      "year": 1844,
      "publisher": "Penguin Classics",
      "genre": "Adventure",
      "booksCount": 14,
      "pageCount": 1276,
      "image": "https://images.unsplash.com/photo-1475051991683-8c818a1e8ed1?ixlib=rb-1.2.1&auto=format&fit=crop&w=1170&q=80",
      "borrowCount": 8,
      "createdAt": "2024-06-14T20:00:00Z"
    },
    {
      "id": 25,
      "title": "The Grapes of Wrath",
      "author": "John Steinbeck",
      "description": "A novel about the hardships of an Oklahoma family during the Great Depression.",
      "year": 1939,
      "publisher": "The Viking Press-James Lloyd",
      "genre": "Historical Fiction",
      "booksCount": 9,
      "pageCount": 464,
      "image": "https://images.unsplash.com/photo-1499714608240-22fc6ad53fb2?ixlib=rb-1.2.1&auto=format&fit=crop&w=1170&q=80",
      "borrowCount": 6,
      "createdAt": "2024-06-14T20:30:00Z"
    },
    {
      "id": 26,
      "title": "Lolita",
      "author": "Vladimir Nabokov",
      "description": "A controversial novel that tells the story of a middle-aged professor's obsession with a 12-year-old girl.",
      "year": 1955,
      "publisher": "Olympia Press",
      "genre": "Novel",
      "booksCount": 7,
      "pageCount": 336,
      "image": "https://images.unsplash.com/photo-1503428587375-8075d9e91db0?ixlib=rb-1.2.1&auto=format&fit=crop&w=1170&q=80",
      "borrowCount": 5,
      "createdAt": "2024-06-14T21:00:00Z"
    },
    {
      "id": 27,
      "title": "Wuthering Heights",
      "author": "Emily Brontë",
      "description": "A novel about the intense and almost demonic love between Catherine Earnshaw and Heathcliff.",
      "year": 1847,
      "publisher": "Thomas Cautley Newby",
      "genre": "Gothic Fiction",
      "booksCount": 10,
      "pageCount": 416,
      "image": "https://images.unsplash.com/photo-1520333789090-1afc82db536a?ixlib=rb-1.2.1&auto=format&fit=crop&w=1170&q=80",
      "borrowCount": 6,
      "createdAt": "2024-06-14T21:30:00Z"
    },
    {
      "id": 28,
      "title": "Fahrenheit 451",
      "author": "Ray Bradbury",
      "description": "A dystopian novel that presents a future American society where books are outlawed and 'firemen' burn any that are found.",
      "year": 1953,
      "publisher": "Ballantine Books",
      "genre": "Dystopian",
      "booksCount": 12,
      "pageCount": 249,
      "image": "https://images.unsplash.com/photo-1529655683826-aba9b3e77383?ixlib=rb-1.2.1&auto=format&fit=crop&w=1170&q=80",
      "borrowCount": 7,
      "createdAt": "2024-06-14T22:00:00Z"
    },
    {
      "id": 29,
      "title": "Crime and Punishment",
      "author": "Fyodor Dostoevsky",
      "description": "A psychological drama focusing on the mental anguish and moral dilemmas of Raskolnikov, an impoverished ex-student who formulates and executes a plan to kill an unscrupulous pawnbroker.",
      "year": 1866,
      "publisher": "The Russian Messenger",
      "genre": "Philosophical Fiction",
      "booksCount": 9,
      "pageCount": 671,
      "image": "https://images.unsplash.com/photo-1499714608240-22fc6ad53fb2?ixlib=rb-1.2.1&auto=format&fit=crop&w=1170&q=80",
      "borrowCount": 5,
      "createdAt": "2024-06-14T22:30:00Z"
    },
    {
      "id": 30,
      "title": "War and Peace",
      "author": "Leo Tolstoy",
      "description": "A novel that intertwines the lives of private and public individuals during the time of the Napoleonic wars.",
      "year": 1869,
      "publisher": "The Russian Messenger",
      "genre": "Historical Fiction",
      "booksCount": 14,
      "pageCount": 1225,
      "image": "https://images.unsplash.com/photo-1475051991683-8c818a1e8ed1?ixlib=rb-1.2.1&auto=format&fit=crop&w=1170&q=80",
      "borrowCount": 8,
      "createdAt": "2024-06-14T23:00:00Z"
    },
    {
      "id": 31,
      "title": "The Odyssey",
      "author": "Homer",
      "description": "An ancient Greek epic poem that follows the adventures of Odysseus as he returns home from the Trojan War.",
      "year": -800,
      "publisher": "Ancient Greece",
      "genre": "Epic",
      "booksCount": 13,
      "pageCount": 541,
      "image": "https://images.unsplash.com/photo-1503428587375-8075d9e91db0?ixlib=rb-1.2.1&auto=format&fit=crop&w=1170&q=80",
      "borrowCount": 13,
      "createdAt": "2024-06-15T00:00:00Z"
    },
    {
      "id": 32,
      "title": "Moby-Dick",
      "author": "Herman Melville",
      "description": "A novel that narrates the quest of Ahab, captain of the whaling ship Pequod, for revenge against Moby Dick, a white whale.",
      "year": 1851,
      "publisher": "Richard Bentley",
      "genre": "Adventure",
      "booksCount": 11,
      "pageCount": 585,
      "image": "https://images.unsplash.com/photo-1499714608240-22fc6ad53fb2?ixlib=rb-1.2.1&auto=format&fit=crop&w=1170&q=80",
      "borrowCount": 6,
      "createdAt": "2024-06-15T00:30:00Z"
    },
    {
      "id": 33,
      "title": "A Tale of Two Cities",
      "author": "Charles Dickens",
      "description": "A novel set in London and Paris before and during the French Revolution.",
      "year": 1859,
      "publisher": "Chapman & Hall",
      "genre": "Historical Fiction",
      "booksCount": 9,
      "pageCount": 489,
      "image": "https://images.unsplash.com/photo-1529655683826-aba9b3e77383?ixlib=rb-1.2.1&auto=format&fit=crop&w=1170&q=80",
      "borrowCount": 5,
      "createdAt": "2024-06-15T01:00:00Z"
    },
    {
      "id": 34,
      "title": "The Adventures of Huckleberry Finn",
      "author": "Mark Twain",
      "description": "A novel about the adventures of a boy named Huck and a runaway slave named Jim.",
      "year": 1884,
      "publisher": "Chatto & Windus",
      "genre": "Adventure",
      "booksCount": 12,
      "pageCount": 366,
      "image": "https://images.unsplash.com/photo-1520333789090-1afc82db536a?ixlib=rb-1.2.1&auto=format&fit=crop&w=1170&q=80",
      "borrowCount": 7,
      "createdAt": "2024-06-15T01:30:00Z"
    },
    {
      "id": 35,
      "title": "Great Expectations",
      "author": "Charles Dickens",
      "description": "A novel that depicts the personal growth and personal development of an orphan named Pip.",
      "year": 1861,
      "publisher": "Chapman & Hall",
      "genre": "Bildungsroman",
      "booksCount": 8,
      "pageCount": 544,
      "image": "https://images.unsplash.com/photo-1529655683826-aba9b3e77383?ixlib=rb-1.2.1&auto=format&fit=crop&w=1170&q=80",
      "borrowCount": 6,
      "createdAt": "2024-06-15T02:00:00Z"
    },
    {
      "id": 36,
      "title": "Dracula",
      "author": "Bram Stoker",
      "description": "A novel that tells the story of Dracula's attempt to move from Transylvania to England so that he may find new blood and spread the undead curse.",
      "year": 1897,
      "publisher": "Archibald Constable and Company",
      "genre": "Horror",
      "booksCount": 11,
      "pageCount": 418,
      "image": "https://images.unsplash.com/photo-1503428587375-8075d9e91db0?ixlib=rb-1.2.1&auto=format&fit=crop&w=1170&q=80",
      "borrowCount": 7,
      "createdAt": "2024-06-15T02:30:00Z"
    },
    {
      "id": 37,
      "title": "Frankenstein",
      "author": "Mary Shelley",
      "description": "A novel that tells the story of Victor Frankenstein, a young scientist who creates a sapient creature in an unorthodox scientific experiment.",
      "year": 1818,
      "publisher": "Lackington, Hughes, Harding, Mavor & Jones",
      "genre": "Gothic Fiction",
      "booksCount": 10,
      "pageCount": 280,
      "image": "https://images.unsplash.com/photo-1529655683826-aba9b3e77383?ixlib=rb-1.2.1&auto=format&fit=crop&w=1170&q=80",
      "borrowCount": 6,
      "createdAt": "2024-06-15T03:00:00Z"
    },
    {
      "id": 38,
      "title": "The Metamorphosis",
      "author": "Franz Kafka",
      "description": "A novella about a man named Gregor Samsa who wakes up one morning to find himself transformed into a large insect.",
      "year": 1915,
      "publisher": "Kurt Wolff Verlag",
      "genre": "Absurdist Fiction",
      "booksCount": 8,
      "pageCount": 201,
      "image": "https://images.unsplash.com/photo-1520333789090-1afc82db536a?ixlib=rb-1.2.1&auto=format&fit=crop&w=1170&q=80",
      "borrowCount": 5,
      "createdAt": "2024-06-15T03:30:00Z"
    },
    {
      "id": 39,
      "title": "Heart of Darkness",
      "author": "Joseph Conrad",
      "description": "A novella about a voyage up the Congo River into the Congo Free State in the heart of Africa.",
      "year": 1899,
      "publisher": "Blackwood's Magazine",
      "genre": "Novella",
      "booksCount": 9,
      "pageCount": 176,
      "image": "https://images.unsplash.com/photo-1499714608240-22fc6ad53fb2?ixlib=rb-1.2.1&auto=format&fit=crop&w=1170&q=80",
      "borrowCount": 5,
      "createdAt": "2024-06-15T04:00:00Z"
    },
    {
      "id": 40,
      "title": "The Stranger",
      "author": "Albert Camus",
      "description": "A novel that follows a man named Meursault whose life is upended after he commits a senseless murder.",
      "year": 1942,
      "publisher": "Gallimard",
      "genre": "Philosophical Fiction",
      "booksCount": 7,
      "pageCount": 123,
      "image": "https://images.unsplash.com/photo-1529655683826-aba9b3e77383?ixlib=rb-1.2.1&auto=format&fit=crop&w=1170&q=80",
      "borrowCount": 4,
      "createdAt": "2024-06-15T04:30:00Z"
    },
    {
      "id": 41,
      "title": "The Trial",
      "author": "Franz Kafka",
      "description": "A novel about a man named Josef K. who is arrested and prosecuted by a remote, inaccessible authority, with the nature of his crime revealed neither to him nor to the reader.",
      "year": 1925,
      "publisher": "Verlag Die Schmiede",
      "genre": "Absurdist Fiction",
      "booksCount": 8,
      "pageCount": 255,
      "image": "https://images.unsplash.com/photo-1520333789090-1afc82db536a?ixlib=rb-1.2.1&auto=format&fit=crop&w=1170&q=80",
      "borrowCount": 5,
      "createdAt": "2024-06-15T05:00:00Z"
    },
    {
      "id": 42,
      "title": "The Picture of Dorian Gray",
      "author": "Oscar Wilde",
      "description": "A novel about a man who remains young while his portrait ages, reflecting the moral corruption in his soul.",
      "year": 1890,
      "publisher": "Lippincott's Monthly Magazine",
      "genre": "Philosophical Fiction",
      "booksCount": 9,
      "pageCount": 254,
      "image": "https://images.unsplash.com/photo-1475051991683-8c818a1e8ed1?ixlib=rb-1.2.1&auto=format&fit=crop&w=1170&q=80",
      "borrowCount": 6,
      "createdAt": "2024-06-15T05:30:00Z"
    },
    {
      "id": 43,
      "title": "Les Misérables",
      "author": "Victor Hugo",
      "description": "A novel that follows the lives and interactions of several French characters over a period of several decades.",
      "year": 1862,
      "publisher": "A. Lacroix, Verboeckhoven & Cie.",
      "genre": "Historical Fiction",
      "booksCount": 11,
      "pageCount": 1488,
      "image": "https://images.unsplash.com/photo-1503428587375-8075d9e91db0?ixlib=rb-1.2.1&auto=format&fit=crop&w=1170&q=80",
      "borrowCount": 7,
      "createdAt": "2024-06-15T06:00:00Z"
    },
    {
      "id": 44,
      "title": "Anna Karenina",
      "author": "Leo Tolstoy",
      "description": "A novel that follows the tragic story of a married aristocrat and her affair with the affluent Count Vronsky.",
      "year": 1878,
      "publisher": "The Russian Messenger",
      "genre": "Realist Novel",
      "booksCount": 9,
      "pageCount": 864,
      "image": "https://images.unsplash.com/photo-1499714608240-22fc6ad53fb2?ixlib=rb-1.2.1&auto=format&fit=crop&w=1170&q=80",
      "borrowCount": 5,
      "createdAt": "2024-06-15T06:30:00Z"
    },
    {
      "id": 45,
      "title": "The Sun Also Rises",
      "author": "Ernest Hemingway",
      "description": "A novel about a group of American and British expatriates who travel from Paris to the Festival of San Fermín in Pamplona to watch the running of the bulls and the bullfights.",
      "year": 1926,
      "publisher": "Scribner",
      "genre": "Novel",
      "booksCount": 7,
      "pageCount": 251,
      "image": "https://images.unsplash.com/photo-1475051991683-8c818a1e8ed1?ixlib=rb-1.2.1&auto=format&fit=crop&w=1170&q=80",
      "borrowCount": 4,
      "createdAt": "2024-06-15T07:00:00Z"
    },
    {
      "id": 46,
      "title": "The Old Man and the Sea",
      "author": "Ernest Hemingway",
      "description": "A novella about an old Cuban fisherman and his struggle with a giant marlin far out in the Gulf Stream.",
      "year": 1952,
      "publisher": "Charles Scribner's Sons",
      "genre": "Novel",
      "booksCount": 12,
      "pageCount": 127,
      "image": "https://images.unsplash.com/photo-1520333789090-1afc82db536a?ixlib=rb-1.2.1&auto=format&fit=crop&w=1170&q=80",
      "borrowCount": 7,
      "createdAt": "2024-06-15T07:30:00Z"
    },
    {
      "id": 47,
      "title": "Brave New World",
      "author": "Aldous Huxley",
      "description": "A dystopian novel that presents a future society where people are engineered through artificial wombs and childhood indoctrination.",
      "year": 1932,
      "publisher": "Chatto & Windus",
      "genre": "Dystopian",
      "booksCount": 11,
      "pageCount": 311,
      "image": "https://images.unsplash.com/photo-1503428587375-8075d9e91db0?ixlib=rb-1.2.1&auto=format&fit=crop&w=1170&q=80",
      "borrowCount": 11,
      "createdAt": "2024-06-15T08:00:00Z"
    },
    {
      "id": 48,
      "title": "To Kill a Mockingbird",
      "author": "Harper Lee",
      "description": "A novel about the serious issues of rape and racial inequality, but is also renowned for its warmth and humor.",
      "year": 1960,
      "publisher": "J.B. Lippincott & Co.",
      "genre": "Southern Gothic",
      "booksCount": 10,
      "pageCount": 281,
      "image": "https://images.unsplash.com/photo-1475051991683-8c818a1e8ed1?ixlib=rb-1.2.1&auto=format&fit=crop&w=1170&q=80",
      "borrowCount": 8,
      "createdAt": "2024-06-15T08:30:00Z"
    },
    {
      "id": 49,
      "title": "The Catcher in the Rye",
      "author": "J.D. Salinger",
      "description": "A novel about a teenager named Holden Caulfield's experiences in New York City following his expulsion from a prestigious boarding school.",
      "year": 1951,
      "publisher": "Little, Brown and Company",
      "genre": "Novel",
      "booksCount": 12,
      "pageCount": 234,
      "image": "https://images.unsplash.com/photo-1503428587375-8075d9e91db0?ixlib=rb-1.2.1&auto=format&fit=crop&w=1170&q=80",
      "borrowCount": 9,
      "createdAt": "2024-06-15T09:00:00Z"
    },
    {
      "id": 50,
      "title": "Moby-Dick",
      "author": "Herman Melville",
      "description": "A novel about the voyage of the whaling ship Pequod and its captain Ahab, who is obsessed with revenge against the white whale Moby Dick.",
      "year": 1851,
      "publisher": "Harper & Brothers",
      "genre": "Adventure Fiction",
      "booksCount": 8,
      "pageCount": 635,
      "image": "https://images.unsplash.com/photo-1559622218-577e070aa0ae?ixlib=rb-1.2.1&auto=format&fit=crop&w=1170&q=80",
      "borrowCount": 5,
      "createdAt": "2024-06-15T09:30:00Z"
    },
    {
      "title": "Koocak",
      "author": "Luthfi",
      "description": "Ini buku bagus banget sumpah cuy keren abizzz",
      "year": 2024,
      "publisher": "Sadli",
      "genre": "Komedi",
      "booksCount": 19,
      "pageCount": 12,
      "image": "https://w7.pngwing.com/pngs/456/741/png-transparent-pile-of-books-computer-icons-book-stack-of-books-comic-book-photography-booking-thumbnail.png",
      "id": 1718425539311,
      "borrowCount": 0
    }
  ]
}